cre4f_name,cre4f_value
name000,value000
name001,value001
name002,value002
name003,value003
name004,value004
name005,value005
name006,value006
name007,value007
name008,value008
name009,value009
name010,value010
name011,value011
name012,value012
name013,value013
name014,value014
name015,value015
name016,value016
name017,value017
name018,value018
name019,value019
name020,value020
name021,value021
name022,value022
name023,value023
name024,value024
name025,value025
name026,value026
name027,value027
name028,value028
name029,value029
name030,value030
name031,value031
name032,value032
name033,value033
name034,value034
name035,value035
name036,value036
name037,value037
name038,value038
name039,value039
name040,value040
name041,value041
name042,value042
name043,value043
name044,value044
name045,value045
name046,value046
name047,value047
name048,value048
name049,value049
name050,value050
name051,value051
name052,value052
name053,value053
name054,value054
name055,value055
name056,value056
name057,value057
name058,value058
name059,value059
name060,value060
name061,value061
name062,value062
name063,value063
name064,value064
name065,value065
name066,value066
name067,value067
name068,value068
name069,value069
name070,value070
name071,value071
name072,value072
name073,value073
name074,value074
name075,value075
name076,value076
name077,value077
name078,value078
name079,value079
name080,value080
name081,value081
name082,value082
name083,value083
name084,value084
name085,value085
name086,value086
name087,value087
name088,value088
name089,value089
name090,value090
name091,value091
name092,value092
name093,value093
name094,value094
name095,value095
name096,value096
name097,value097
name098,value098
name099,value099
name100,value100
name101,value101
name102,value102
name103,value103
name104,value104
name105,value105
name106,value106
name107,value107
name108,value108
name109,value109
name110,value110
name111,value111
name112,value112
name113,value113
name114,value114
name115,value115
name116,value116
name117,value117
name118,value118
name119,value119
name120,value120
name121,value121
name122,value122
name123,value123
name124,value124
name125,value125
name126,value126
name127,value127
name128,value128
name129,value129
name130,value130
name131,value131
name132,value132
name133,value133
name134,value134
name135,value135
name136,value136
name137,value137
name138,value138
name139,value139
name140,value140
name141,value141
name142,value142
name143,value143
name144,value144
name145,value145
name146,value146
name147,value147
name148,value148
name149,value149
name150,value150
name151,value151
name152,value152
name153,value153
name154,value154
name155,value155
name156,value156
name157,value157
name158,value158
name159,value159
name160,value160
name161,value161
name162,value162
name163,value163
name164,value164
name165,value165
name166,value166
name167,value167
name168,value168
name169,value169
name170,value170
name171,value171
name172,value172
name173,value173
name174,value174
name175,value175
name176,value176
name177,value177
name178,value178
name179,value179
name180,value180
name181,value181
name182,value182
name183,value183
name184,value184
name185,value185
name186,value186
name187,value187
name188,value188
name189,value189
name190,value190
name191,value191
name192,value192
name193,value193
name194,value194
name195,value195
name196,value196
name197,value197
name198,value198
name199,value199
name200,value200
name201,value201
name202,value202
name203,value203
name204,value204
name205,value205
name206,value206
name207,value207
name208,value208
name209,value209
name210,value210
name211,value211
name212,value212
name213,value213
name214,value214
name215,value215
name216,value216
name217,value217
name218,value218
name219,value219
name220,value220
name221,value221
name222,value222
name223,value223
name224,value224
name225,value225
name226,value226
name227,value227
name228,value228
name229,value229
name230,value230
name231,value231
name232,value232
name233,value233
name234,value234
name235,value235
name236,value236
name237,value237
name238,value238
name239,value239
name240,value240
name241,value241
name242,value242
name243,value243
name244,value244
name245,value245
name246,value246
name247,value247
name248,value248
name249,value249
name250,value250
name251,value251
name252,value252
name253,value253
name254,value254
name255,value255
name256,value256
name257,value257
name258,value258
name259,value259
name260,value260
name261,value261
name262,value262
name263,value263
name264,value264
name265,value265
name266,value266
name267,value267
name268,value268
name269,value269
name270,value270
name271,value271
name272,value272
name273,value273
name274,value274
name275,value275
name276,value276
name277,value277
name278,value278
name279,value279
name280,value280
name281,value281
name282,value282
name283,value283
name284,value284
name285,value285
name286,value286
name287,value287
name288,value288
name289,value289
name290,value290
name291,value291
name292,value292
name293,value293
name294,value294
name295,value295
name296,value296
name297,value297
name298,value298
name299,value299
name300,value300
name301,value301
name302,value302
name303,value303
name304,value304
name305,value305
name306,value306
name307,value307
name308,value308
name309,value309
name310,value310
name311,value311
name312,value312
name313,value313
name314,value314
name315,value315
name316,value316
name317,value317
name318,value318
name319,value319
name320,value320
name321,value321
name322,value322
name323,value323
name324,value324
name325,value325
name326,value326
name327,value327
name328,value328
name329,value329
name330,value330
name331,value331
name332,value332
name333,value333
name334,value334
name335,value335
name336,value336
name337,value337
name338,value338
name339,value339
name340,value340
name341,value341
name342,value342
name343,value343
name344,value344
name345,value345
name346,value346
name347,value347
name348,value348
name349,value349
name350,value350
name351,value351
name352,value352
name353,value353
name354,value354
name355,value355
name356,value356
name357,value357
name358,value358
name359,value359
name360,value360
name361,value361
name362,value362
name363,value363
name364,value364
name365,value365
name366,value366
name367,value367
name368,value368
name369,value369
name370,value370
name371,value371
name372,value372
name373,value373
name374,value374
name375,value375
name376,value376
name377,value377
name378,value378
name379,value379
name380,value380
name381,value381
name382,value382
name383,value383
name384,value384
name385,value385
name386,value386
name387,value387
name388,value388
name389,value389
name390,value390
name391,value391
name392,value392
name393,value393
name394,value394
name395,value395
name396,value396
name397,value397
name398,value398
name399,value399
name400,value400
name401,value401
name402,value402
name403,value403
name404,value404
name405,value405
name406,value406
name407,value407
name408,value408
name409,value409
name410,value410
name411,value411
name412,value412
name413,value413
name414,value414
name415,value415
name416,value416
name417,value417
name418,value418
name419,value419
name420,value420
name421,value421
name422,value422
name423,value423
name424,value424
name425,value425
name426,value426
name427,value427
name428,value428
name429,value429
name430,value430
name431,value431
name432,value432
name433,value433
name434,value434
name435,value435
name436,value436
name437,value437
name438,value438
name439,value439
name440,value440
name441,value441
name442,value442
name443,value443
name444,value444
name445,value445
name446,value446
name447,value447
name448,value448
name449,value449
name450,value450
name451,value451
name452,value452
name453,value453
name454,value454
name455,value455
name456,value456
name457,value457
name458,value458
name459,value459
name460,value460
name461,value461
name462,value462
name463,value463
name464,value464
name465,value465
name466,value466
name467,value467
name468,value468
name469,value469
name470,value470
name471,value471
name472,value472
name473,value473
name474,value474
name475,value475
name476,value476
name477,value477
name478,value478
name479,value479
name480,value480
name481,value481
name482,value482
name483,value483
name484,value484
name485,value485
name486,value486
name487,value487
name488,value488
name489,value489
name490,value490
name491,value491
name492,value492
name493,value493
name494,value494
name495,value495
name496,value496
name497,value497
name498,value498
name499,value499
name500,value500
name501,value501
name502,value502
name503,value503
name504,value504
name505,value505
name506,value506
name507,value507
name508,value508
name509,value509
name510,value510
name511,value511
name512,value512
name513,value513
name514,value514
name515,value515
name516,value516
name517,value517
name518,value518
name519,value519
name520,value520
name521,value521
name522,value522
name523,value523
name524,value524
name525,value525
name526,value526
name527,value527
name528,value528
name529,value529
name530,value530
name531,value531
name532,value532
name533,value533
name534,value534
name535,value535
name536,value536
name537,value537
name538,value538
name539,value539
name540,value540
name541,value541
name542,value542
name543,value543
name544,value544
name545,value545
name546,value546
name547,value547
name548,value548
name549,value549
name550,value550
name551,value551
name552,value552
name553,value553
name554,value554
name555,value555
name556,value556
name557,value557
name558,value558
name559,value559
name560,value560
name561,value561
name562,value562
name563,value563
name564,value564
name565,value565
name566,value566
name567,value567
name568,value568
name569,value569
name570,value570
name571,value571
name572,value572
name573,value573
name574,value574
name575,value575
name576,value576
name577,value577
name578,value578
name579,value579
name580,value580
name581,value581
name582,value582
name583,value583
name584,value584
name585,value585
name586,value586
name587,value587
name588,value588
name589,value589
name590,value590
name591,value591
name592,value592
name593,value593
name594,value594
name595,value595
name596,value596
name597,value597
name598,value598
name599,value599
name600,value600
name601,value601
name602,value602
name603,value603
name604,value604
name605,value605
name606,value606
name607,value607
name608,value608
name609,value609
name610,value610
name611,value611
name612,value612
name613,value613
name614,value614
name615,value615
name616,value616
name617,value617
name618,value618
name619,value619
name620,value620
name621,value621
name622,value622
name623,value623
name624,value624
name625,value625
name626,value626
name627,value627
name628,value628
name629,value629
name630,value630
name631,value631
name632,value632
name633,value633
name634,value634
name635,value635
name636,value636
name637,value637
name638,value638
name639,value639
name640,value640
name641,value641
name642,value642
name643,value643
name644,value644
name645,value645
name646,value646
name647,value647
name648,value648
name649,value649
name650,value650
name651,value651
name652,value652
name653,value653
name654,value654
name655,value655
name656,value656
name657,value657
name658,value658
name659,value659
name660,value660
name661,value661
name662,value662
name663,value663
name664,value664
name665,value665
name666,value666
name667,value667
name668,value668
name669,value669
name670,value670
name671,value671
name672,value672
name673,value673
name674,value674
name675,value675
name676,value676
name677,value677
name678,value678
name679,value679
name680,value680
name681,value681
name682,value682
name683,value683
name684,value684
name685,value685
name686,value686
name687,value687
name688,value688
name689,value689
name690,value690
name691,value691
name692,value692
name693,value693
name694,value694
name695,value695
name696,value696
name697,value697
name698,value698
name699,value699
name700,value700
name701,value701
name702,value702
name703,value703
name704,value704
name705,value705
name706,value706
name707,value707
name708,value708
name709,value709
name710,value710
name711,value711
name712,value712
name713,value713
name714,value714
name715,value715
name716,value716
name717,value717
name718,value718
name719,value719
name720,value720
name721,value721
name722,value722
name723,value723
name724,value724
name725,value725
name726,value726
name727,value727
name728,value728
name729,value729
name730,value730
name731,value731
name732,value732
name733,value733
name734,value734
name735,value735
name736,value736
name737,value737
name738,value738
name739,value739
name740,value740
name741,value741
name742,value742
name743,value743
name744,value744
name745,value745
name746,value746
name747,value747
name748,value748
name749,value749
name750,value750
name751,value751
name752,value752
name753,value753
name754,value754
name755,value755
name756,value756
name757,value757
name758,value758
name759,value759
name760,value760
name761,value761
name762,value762
name763,value763
name764,value764
name765,value765
name766,value766
name767,value767
name768,value768
name769,value769
name770,value770
name771,value771
name772,value772
name773,value773
name774,value774
name775,value775
name776,value776
name777,value777
name778,value778
name779,value779
name780,value780
name781,value781
name782,value782
name783,value783
name784,value784
name785,value785
name786,value786
name787,value787
name788,value788
name789,value789
name790,value790
name791,value791
name792,value792
name793,value793
name794,value794
name795,value795
name796,value796
name797,value797
name798,value798
name799,value799
name800,value800
name801,value801
name802,value802
name803,value803
name804,value804
name805,value805
name806,value806
name807,value807
name808,value808
name809,value809
name810,value810
name811,value811
name812,value812
name813,value813
name814,value814
name815,value815
name816,value816
name817,value817
name818,value818
name819,value819
name820,value820
name821,value821
name822,value822
name823,value823
name824,value824
name825,value825
name826,value826
name827,value827
name828,value828
name829,value829
name830,value830
name831,value831
name832,value832
name833,value833
name834,value834
name835,value835
name836,value836
name837,value837
name838,value838
name839,value839
name840,value840
name841,value841
name842,value842
name843,value843
name844,value844
name845,value845
name846,value846
name847,value847
name848,value848
name849,value849
name850,value850
name851,value851
name852,value852
name853,value853
name854,value854
name855,value855
name856,value856
name857,value857
name858,value858
name859,value859
name860,value860
name861,value861
name862,value862
name863,value863
name864,value864
name865,value865
name866,value866
name867,value867
name868,value868
name869,value869
name870,value870
name871,value871
name872,value872
name873,value873
name874,value874
name875,value875
name876,value876
name877,value877
name878,value878
name879,value879
name880,value880
name881,value881
name882,value882
name883,value883
name884,value884
name885,value885
name886,value886
name887,value887
name888,value888
name889,value889
name890,value890
name891,value891
name892,value892
name893,value893
name894,value894
name895,value895
name896,value896
name897,value897
name898,value898
name899,value899
name900,value900
name901,value901
name902,value902
name903,value903
name904,value904
name905,value905
name906,value906
name907,value907
name908,value908
name909,value909
name910,value910
name911,value911
name912,value912
name913,value913
name914,value914
name915,value915
name916,value916
name917,value917
name918,value918
name919,value919
name920,value920
name921,value921
name922,value922
name923,value923
name924,value924
name925,value925
name926,value926
name927,value927
name928,value928
name929,value929
name930,value930
name931,value931
name932,value932
name933,value933
name934,value934
name935,value935
name936,value936
name937,value937
name938,value938
name939,value939
name940,value940
name941,value941
name942,value942
name943,value943
name944,value944
name945,value945
name946,value946
name947,value947
name948,value948
name949,value949
name950,value950
name951,value951
name952,value952
name953,value953
name954,value954
name955,value955
name956,value956
name957,value957
name958,value958
name959,value959
name960,value960
name961,value961
name962,value962
name963,value963
name964,value964
name965,value965
name966,value966
name967,value967
name968,value968
name969,value969
name970,value970
name971,value971
name972,value972
name973,value973
name974,value974
name975,value975
name976,value976
name977,value977
name978,value978
name979,value979
name980,value980
name981,value981
name982,value982
name983,value983
name984,value984
name985,value985
name986,value986
name987,value987
name988,value988
name989,value989
name990,value990
name991,value991
name992,value992
name993,value993
name994,value994
name995,value995
name996,value996
name997,value997
name998,value998
name999,value999
